index,url,valid,domain,title,description,image,published,archive,content,quote,language,keyword
0,https://www.sciencealert.com/oldest-air-ever-measured-found-in-ice-from-6-million-years-ago,0,www.sciencealert.com,Oldest Air Ever Measured Found in Ice From 6 Million Years Ago,Ice excavated from deep under the surface of Antarctica has just yielded humanity's oldest directly dated samples of glacial ice and air ever found.,https://www.sciencealert.com/images/2025/10/stripe-ice.jpg,2025-11-01T01:00:37Z,,"Ice excavated from deep under the surface of Antarctica has just yielded humanity's oldest directly dated samples of glacial ice and air ever found.
From beneath hundreds of meters of glacial ice th… [+4412 chars]",,en,'Antarctica'
1,https://www.yahoo.com/news/articles/explorers-seek-ancient-antarctica-ice-065710672.html,0,www.yahoo.com,Explorers seek ancient Antarctica ice in climate change study,"An explorer and a glaciologist have embarked on a three-month mission to cross part of Antarctica on kite skis in search of ice that is 130,000 years old.And...",https://media.zenfs.com/en/afp.com/b157300bb787e711483a17a422977f46,2025-11-01T06:57:10Z,,"An explorer and a glaciologist have embarked on a three-month mission to cross part of Antarctica on kite skis in search of ice that is 130,000 years old.
The goal of the French duo is to better und… [+3935 chars]",,en,'Antarctica'
2,https://timesofindia.indiatimes.com/city/mumbai/from-kabul-to-kolkata-exhibition-traces-rupees-500-year-odyssey/articleshow/125019788.cms,0,timesofindia.indiatimes.com,From Kabul to Kolkata: Exhibition traces rupee’s 500-year odyssey,"In the turquoise middle of the Indian Ocean, on a remote cluster of atolls once called the Cocos-Keeling Islands, a self-styled king printed his own m.","https://static.toiimg.com/thumb/msid-125019787,width-1070,height-580,imgsize-92976,resizemode-75,overlay-toi_sw,pt-32,y_pad-40/photo.jpg",2025-11-01T16:27:38Z,,"<ul><li>News</li>
<li>From Kabul to Kolkata: Exhibition traces rupees 500-year odyssey</li></ul>
Follow Us On Social Media
'Israel Source Of Instability': Oman Leader Defends Iran, Blames Tel Aviv… [+1550 chars]",,en,'Cocos Islands'
3,https://www.bbc.com/news/articles/c1e34p92q0vo,0,www.bbc.com,Hurricane Melissa death toll rises to 28 in Jamaica,PM Andrew Holness warns of reports of possible fatalities still to be verified - suggesting the figure may yet rise.,https://ichef.bbci.co.uk/news/1024/branded_news/fd15/live/3ad7d090-b7d3-11f0-b2a1-6f537f66f9aa.jpg,2025-11-02T11:37:48Z,,"The number of people killed in Jamaica as a result of Hurricane Melissa has risen to 28, the Caribbean nation's prime minister has announced.
Andrew Holness confirmed nine other deaths on Saturday, … [+2616 chars]",,en,'West Island'
4,https://www.bbc.com/news/articles/cpv11w8ez10o,0,www.bbc.com,'We have no idea what lies ahead': Aid struggles to reach Jamaican towns devastated by hurricane,Jamaicans are struggling to access clean drinking water and food days after Hurricane Melissa hit.,https://ichef.bbci.co.uk/news/1024/branded_news/4a63/live/e0caa6d0-b805-11f0-8f42-c1f60875a777.jpg,2025-11-02T16:11:31Z,http://web.archive.org/web/20251102224812/https://www.bbc.com/news/articles/cpv11w8ez10o,"Brandon Drennonin Westmoreland, Jamaica
A town just outside of Whitehouse in Westmoreland Parish sits in ruins
Five days after Hurricane Melissa pummelled into western Jamaica with record force, re… [+5749 chars]",,en,'Heard Island'
5,https://balloon-juice.com/2025/11/02/war-for-ukraine-day-1347-schrodingers-german-patriots/,0,balloon-juice.com,"War for Ukraine Day 1,347: Schrödinger’s German Patriots",A quick housekeeping note: It’s been a while since I updated you all regarding Rosie. It has now been one year since her final chemo treatment. She still has her monthly check ins with the vet where her lymph nodes are checked and she gets a monoclonal antibo…,https://balloon-juice.com/wp-content/uploads/2020/01/Silverman_On_Security.jpg,2025-11-03T01:52:15Z,,A quick housekeeping note: It’s been a while since I updated you all regarding Rosie. It has now been one year since her final chemo treatment. She still has her monthly check ins with the vet where … [+17397 chars],,en,'French Southern Territories'
6,https://www.snopes.com/fact-check/robot-alien-spiders-atlas-comet/,0,www.snopes.com,Fact Check: False robot alien spider story is invading social media,A social media page that frequently posts fabricated stories about alien life shared another outlandish tale about alien robot spiders in Antarctica.,https://media.zenfs.com/en/snopes_632/2fac3fa3be3e5ba56037ecd4d33aca53,2025-11-03T03:00:00Z,,"Claim:
Scientists discovered robotic alien spiders from interstellar comet 3I/ATLAS on Earth's polar ice sheets in October 2025.
Rating:
In October 2025, a Facebook post (archived) about an unusua… [+3514 chars]",,en,'Antarctica'
7,http://foreignpolicy.com/2025/11/03/quad-indo-pacific-trade-deal/,0,foreignpolicy.com,"The Quad Is Dead, Long Live the Quad","In an increasingly dangerous era, the group’s old patterns of cooperation will not suffice.",https://foreignpolicy.com/wp-content/uploads/2025/11/quad-rubio-GettyImages-2223088303.jpg?w=1000,2025-11-03T05:01:42Z,,"A flurry of summit meetings assembled leaders from the Indo-Pacific last week, from Kuala Lumpur to Tokyo to Gyeongju. But questions linger over one other summit meeting that was planned for this mon… [+12452 chars]",,en,'Kuala Lumpur'
8,https://www.npr.org/2025/11/03/g-s1-95310/japan-population-decline-gender-inequality,0,www.npr.org,Gender inequality accelerates Japan's rural depopulation,"Akita Prefecture has Japan's most aged population, lowest birthrate and fastest declining population. Rigid gender roles are prompting young women to leave rural areas like this for opportunities elsewhere.",https://npr.brightspotcdn.com/dims3/default/strip/false/crop/6000x3375+0+47/resize/1400/quality/100/format/jpeg/?url=http%3A%2F%2Fnpr-brightspot.s3.amazonaws.com%2F1b%2Fe1%2F6d019ef847468a3eee882c75c922%2F5577668-kuhn-9.JPG,2025-11-03T10:03:00Z,,Families in the U.S. and around the world are having fewer children as people make profoundly different decisions about their lives. NPR's series Population Shift: How Smaller Families Are Changing t… [+6761 chars],,en,'West Island'
9,https://www.nakedcapitalism.com/2025/11/links-11-3-2025.html,0,www.nakedcapitalism.com,Links 11/3/2025,Daily links. Gabbard: US done with regime change. New regime change threat in Nigeria. ICE ‘losing’ detainees. Gaza and Fallujah on US streets. AI too big to fail.,https://www.nakedcapitalism.com/wp-content/uploads/2025/11/Screenshot-2025-11-03-at-12.11.42 AM-1024x676.png,2025-11-03T11:55:25Z,,"An emperor for all seasons Aeon
A deadly history haunts this imperiled California lighthouse. Heres why fans want to save it Los Angeles Times
That tiny blue dot is a whale navigating busy ship tra… [+8382 chars]",,en,'Nigeria'
10,https://www.independent.ie/irish-news/lough-neagh-algae-blight-is-significant-crisis-for-all-of-ireland-says-mcdonald/a1361042579.html,0,www.independent.ie,"Lough Neagh algae blight is ‘significant crisis’ for all of Ireland, says McDonald","Lough Neagh is a “very significant crisis” for the whole island of Ireland, Sinn Féin president Mary-Lou McDonald has said.",https://focus.independent.ie/thumbor/e3WULhH-dD092Hrt00ytUzEf4ck=/315x0:3717x2268/629x0/prod-mh-ireland/d723ac77-31b1-422a-865d-7f72987b7072/95df8b2b-0308-4e13-a70e-08922cca962c/d723ac77-31b1-422a-865d-7f72987b7072.jpg,2025-11-03T16:18:06Z,,"Lough Neagh is a very significant crisis for the whole island of Ireland, Sinn Féin president Mary-Lou McDonald has said.The lough, which is the UK and Irelands largest freshwater lake by surface are… [+2824 chars]",,en,'McDonald Islands'
11,https://www.aljazeera.com/news/2025/11/4/two-dead-as-typhoon-kalmaegi-brings-massive-flooding-in-central,0,www.aljazeera.com,Two dead as Typhoon Kalmaegi brings massive flooding in central Philippines,"Residents seek refuge on rooftops, and cars float through flooded streets on the island of Cebu.",https://www.aljazeera.com/wp-content/uploads/2025/11/AFP__20251104__82WQ2YJ__v2__MidRes__PhilippinesWeatherTyphoon-1762230819.jpg?resize=1200%2C630,2025-11-04T06:23:37Z,,"Rain-soaked residents sought refuge on rooftops, and cars floated through flooded streets as Typhoon Kalmaegi battered central Philippines, killing at least two people, according to the national disa… [+3038 chars]",,en,'Philippines'
12,https://www.bbc.com/news/articles/cy8vpxdp78xo,0,www.bbc.com,Five more arrests in gang feud investigation,Police said a 55-year-old man was charged in connection with an alleged serious assault on Pitcairn Grove in Edinburgh on 22 May.,https://ichef.bbci.co.uk/news/1024/branded_news/4abe/live/d8be92b0-37e2-11f0-89be-1318f07bc92e.jpg,2025-11-04T10:27:29Z,,"Police have arrested and charged a further five people in connection with investigations into a suspected gang feud across central Scotland.
Police said a 55-year-old man was arrested and charged in… [+2035 chars]",,en,'Pitcairn'
13,https://onefootball.com/jwplayer/VVF4G9Ws,0,onefootball.com,AFC Champions League Two - Sepahan 2-2 Ahal,"Available in: Canada, Cuba, Puerto Rico, Saint Pierre et Miquelon, United States of America, US Virgin Island, Andorra, Belgium, Cyprus, Czech Republic, Denmark, Faroe Islands, Finland, France, Gibraltar, Greece, Greenland, Hungary, Iceland, Ireland, Italy, L…",https://media.zenfs.com/en/afc_live_videos_710/9aedd0fce490572455501d9f84948ac7,2025-11-04T21:41:07Z,,"Available in: Canada, Cuba, Puerto Rico, Saint Pierre et Miquelon, United States of America, US Virgin Island, Andorra, Belgium, Cyprus, Czech Republic, Denmark, Faroe Islands, Finland, France, Gibra… [+10120 chars]",,en,'Saint Pierre and Miquelon'
14,https://journals.plos.org/plosone/article?id=10.1371/journal.pone.0335794,0,journals.plos.org,Characterizing urban landscapes using very-high resolution satellite imagery to predict Ae. albopictus larval presence probability in public spaces,"The global spread of Aedes albopictus raises growing public health concerns due to its role in transmitting dengue, chikungunya, and Zika. In southern France, the increase in imported dengue cases and local transmission underlines the urgent need for effectiv…",https://journals.plos.org/plosone/article/figure/image?id=10.1371/journal.pone.0335794.g009&size=inline,2025-11-05T14:00:00Z,,"Abstract
The global spread of Aedes albopictus raises growing public health concerns due to its role in transmitting dengue, chikungunya, and Zika. In southern France, the increase in imported dengu… [+59383 chars]",,en,'France'
15,https://onefootball.com/jwplayer/fgHWrbRg,0,onefootball.com,AFC Champions League Elite - Vissel Kobe 1-0 Ulsan,"Available in: Canada, Cuba, Puerto Rico, Saint Pierre et Miquelon, United States of America, US Virgin Island, Andorra, Belgium, Cyprus, Czech Republic, Denmark, Faroe Islands, Finland, France, Gibraltar, Greece, Greenland, Hungary, Iceland, Ireland, Italy, L…",https://media.zenfs.com/en/afc_live_videos_710/3ed498ac37c0f5131353e4f9fc4c5a42,2025-11-05T14:35:42Z,,"Available in: Canada, Cuba, Puerto Rico, Saint Pierre et Miquelon, United States of America, US Virgin Island, Andorra, Belgium, Cyprus, Czech Republic, Denmark, Faroe Islands, Finland, France, Gibra… [+10257 chars]",,en,'Saint Pierre and Miquelon'
16,https://www.forbes.com/sites/maryroeloffs/2025/11/05/pope-leo-blasts-treatment-of-migrants-as-tensions-grow-between-white-house-and-vatican/,0,www.forbes.com,Pope Leo Blasts Treatment Of Migrants As Tensions Grow Between White House And Vatican,"A White House spokesperson reportedly said ""the pope doesn't know what he's talking about,"" a claim Vice President JD Vance has questioned.","https://imageio.forbes.com/specials-images/imageserve/690b653e2fbd8d9a9148cc4f/0x0.jpg?format=jpg&crop=3754,2113,x0,y2,safe&height=900&width=1600&fit=bounds",2025-11-05T15:15:23Z,,"Pope Leo has criticized the treatment of migrants held in detention in the United States, specifically expressing concerns about their ""spiritual rights"" after reports they'd been denied access to Co… [+4031 chars]",,en,'Vatican'
17,https://www.aljazeera.com/news/2025/11/6/is-mali-about-to-fall-to-al-qaeda-affiliate-jnim,0,www.aljazeera.com,Is Mali about to fall to al-Qaeda affiliate JNIM?,The al-Qaeda-linked group has imposed an economic siege on Bamako since September.,https://www.aljazeera.com/wp-content/uploads/2025/10/2025-10-08T155856Z_900644525_RC227HAP4JOK_RTRMADP_3_MALI-SECURITY-FUEL-1761923747.jpg?resize=1920%2C1440,2025-11-06T07:55:31Z,,"A months-long siege on the Malian capital, Bamako, by the armed al-Qaeda affiliate group, Jamaat Nusrat al-Islam wal-Muslimin (JNIM), has brought the city to breaking point, causing desperation among… [+15979 chars]",,en,'French Southern Territories'
18,https://www.channelnewsasia.com/world/pope-leo-receives-palestinian-president-abbas-vatican-5450616,0,www.channelnewsasia.com,Pope Leo receives Palestinian president Abbas at Vatican,"VATICAN CITY: Pope Leo XIV held his first meeting with Palestinian president Mahmud Abbas on Thursday (Nov 6), where the Vatican said they discussed the ""urgent need"" to help the civilian population in Gaza.The visit comes almost a month into a","https://dam.mediacorp.sg/image/upload/s--XonaAsdU--/c_crop,h_576,w_1024,x_0,y_0/c_fill,g_auto,h_676,w_1200/fl_relative,g_south_east,l_mediacorp:cna:watermark:2023-11:afp_watermark_14112023,w_0.1/f_auto,q_auto/v1/mediacorp/cna/image/2025/11/06/000_838x8kf.jpg?itok=T5ebYFZs",2025-11-06T11:40:00Z,,"VATICAN CITY: Pope Leo XIV held his first meeting with Palestinian president Mahmud Abbas on Thursday (Nov 6), where the Vatican said they discussed the ""urgent need"" to help the civilian population … [+1760 chars]",,en,'Vatican City'
19,https://onefootball.com/jwplayer/BdczGHfv,0,onefootball.com,AFC Champions League Two - Macarthur FC 2-1 Cong An Ha Noi,"Available in: Canada, Cuba, Puerto Rico, Saint Pierre et Miquelon, United States of America, US Virgin Island, Andorra, Belgium, Cyprus, Czech Republic, Denmark, Faroe Islands, Finland, France, Gibraltar, Greece, Greenland, Hungary, Iceland, Ireland, Italy, L…",https://media.zenfs.com/en/afc_live_videos_710/15fa72308ed611ca58472a34ef3f7561,2025-11-06T14:54:04Z,,"Available in: Canada, Cuba, Puerto Rico, Saint Pierre et Miquelon, United States of America, US Virgin Island, Andorra, Belgium, Cyprus, Czech Republic, Denmark, Faroe Islands, Finland, France, Gibra… [+10165 chars]",,en,'United States'
20,https://loudwire.com/why-metallica-stopped-using-amps-live/,0,loudwire.com,Why Metallica Stopped Using Amps Live,James Hetfield's guitar tech explained that Metallica stopped using guitar amps after they first using amp modelers at their 2013 show in Antarctica. Continue reading…,https://townsquare.media/site/366/files/2024/05/attachment-metallica_james_hetfield_2023.jpg?w=1200&q=75&format=natural,2025-11-06T15:58:45Z,,"Here's why Metallica stopped using guitar amps live, according to James Hetfield's guitar tech.
Metallica fans may or may not have even noticed that the rockers don't have a bunch of amps lined up b… [+2368 chars]",,en,'Antarctica'
21,https://www.sciencedaily.com/releases/2025/11/251106003941.htm,0,www.sciencedaily.com,"Antarctica’s collapse may already be unstoppable, scientists warn","Researchers warn Antarctica is undergoing abrupt changes that could trigger global consequences. Melting ice, collapsing ice shelves, and disrupted ocean circulation threaten sea levels, ecosystems, and climate stability. Wildlife such as penguins and krill f…",https://www.sciencedaily.com/images/1920/ice-calving-off-antarctic-ice-sheet.webp,2025-11-06T16:23:51Z,,"Antarctica faces the possibility of sudden and potentially irreversible changes to its ice, oceans, and ecosystems. Scientists warn that without a sharp global reduction in carbon emissions, these tr… [+5108 chars]",,en,'Antarctica'
22,https://www.gematsu.com/2025/11/survival-horror-game-fright-train-announced-for-pc,0,www.gematsu.com,Survival horror game Fright Train announced for PC,"Caput Mortum and Born of Bread developer WildArts has announced Fright Train, a train survival horror game set on a train overtaken by monsters in Antarctica. It will launch for PC via Steam in 202…",https://www.gematsu.com/wp-content/uploads/2025/11/Fright-Train-Ann_11-06-25.jpg,2025-11-06T16:31:11Z,,"About
Fight through a train overtaken by monsters and survive Antarctica’s cold as paranormal special agent Doug Barker in this chilling single-player third-person survival horror game.
Setting
Yo… [+1480 chars]",,en,'Antarctica'
23,https://www.cbsnews.com/news/israel-hamas-war-pope-leo-palestinian-president-mahmoud-abbas-two-state-solution/,0,www.cbsnews.com,"Pope Leo meets Palestinian president, calls for two-state solution","The Vatican recognized  Palestine a decade ago, and Pope Leo has backed statehood, even if that looks increasingly unlikely.",https://assets2.cbsnewsstatic.com/hub/i/r/2025/11/06/10e0eb4d-3b35-4b83-a3fd-7d57bbec1ab3/thumbnail/1200x630g2/be27ee27b98a6de0d844a7e4ee575e2e/pope-leo-mahmoud-abbas-2245294704.jpg,2025-11-06T16:36:42Z,,"Rome — Pope Leo XIV met Palestinian President Mahmoud Abbas at the Vatican on Thursday, marking their first in-person encounter since the Chicago native was chosen to lead the Catholic Church in May.… [+3568 chars]",,en,'Vatican'
24,https://www.digitaljournal.com/world/big-leap-in-quest-to-get-to-bottom-of-climate-ice-mystery/article,0,www.digitaljournal.com,Big leap in quest to get to bottom of climate ice mystery,Stanislav Kutuzov felt the drillhead he was controlling smash into the rock more than 100 metres below him high on a glacier in the Pamir peaks of Tajikistan. The ice core samples it took could help solve one of climate science’s great mysteries. “This is the…,https://www.digitaljournal.com/wp-content/uploads/2025/11/2d05cc5c2c0a451010bfb2a2329788275b510f89.jpg,2025-11-07T03:02:20Z,,"Expedition chief Evan Miles (right) and fellow glaciologist Stanislav Kutuzov (left in blue) supervise the drilling - Copyright AFP Prakash MATHEMA
Stanislav Kutuzov felt the drillhead he was contro… [+5386 chars]",,en,'Tajikistan'
25,https://economictimes.indiatimes.com/news/international/us/antarctica-to-lose-its-entire-ice-scientists-warn-the-frozen-continent-is-on-the-brink-of-collapse-alarming-changes-will-leave-you-stunned/articleshow/125148938.cms,0,economictimes.indiatimes.com,"Antarctica to lose its entire ice? Scientists warn the frozen continent is on the brink of collapse, alarming changes will leave you stunned","Antarctica faces abrupt and irreversible changes impacting ice sheets, oceans, and ecosystems. Scientists warn of global consequences for sea levels and climate. The West Antarctic Ice Sheet is at extreme risk of collapse. Rapid reductions in carbon emissions…","https://img.etimg.com/thumb/msid-125148934,width-1200,height-630,imgsize-97098,overlay-economictimes/articleshow.jpg",2025-11-07T03:45:56Z,,"A major new research review by scientists based at Australian National University (ANU), University of New South Wales (UNSW), and Australias key Antarctic programmes warns that the frozen continent … [+3200 chars]",,en,'Antarctica'
26,https://lithub.com/why-the-american-revolution-was-a-world-war-in-all-but-name/,0,lithub.com,Why the American Revolution Was a World War in All But Name,"As a child growing up outside London in the 1980s and 1990s, I learned next to nothing about the American Revolution and its global ripple effects. The subject was conspicuously missing from classrooms and curricula. The imperatives of nationalism being",https://s26162.pcdn.co/wp-content/uploads/2025/10/Washington_Crossing_the_Delaware_by_Emanuel_Leutze_MMA-NYC_1851-1.jpg,2025-11-07T09:59:19Z,http://web.archive.org/web/20251109231456/https://lithub.com/why-the-american-revolution-was-a-world-war-in-all-but-name/,"As a child growing up outside London in the 1980s and 1990s, I learned next to nothing about the American Revolution and its global ripple effects. The subject was conspicuously missing from classroo… [+14681 chars]",,en,'French Southern Territories'
27,https://hisugarplum.com/from-penguins-to-peaks-what-i-packed-for-antarctica-patagonia/,0,hisugarplum.com,From Penguins to Peaks: What I Packed for Antarctica & Patagonia,"Happy Friday, friends! Mr. SP and I are nearing the end of our adventure of a lifetime, and we’ve had…
The post From Penguins to Peaks: What I Packed for Antarctica & Patagonia appeared first on Hi Sugarplum!.",https://hisugarplum.com/wp-content/uploads/2025/11/IMG_1065.jpg,2025-11-07T10:30:00Z,,"Happy Friday, friends! Mr. SP and I are nearing the end of our adventure of a lifetime, and we’ve had such an amazing trip! We’ve been in Patagonia this week, exploring the mountains and wildlife. Iv… [+5422 chars]",,en,'Antarctica'
28,http://foreignpolicy.com/2025/11/07/apec-trade-chile-mexico-peru-asia-trump-tariffs/,0,foreignpolicy.com,Latin America’s Pivot to Asia,"Chile, Mexico, and Peru announced new trade talks at APEC.",https://foreignpolicy.com/wp-content/uploads/2025/11/Boric-APEC-Chile-trade-GettyImages-2243722156.jpg?w=1000,2025-11-07T13:00:57Z,,"Welcome back to Foreign Policys Latin America Brief.
The highlights this week: Chile, Mexico, and Peru talk trade at a summit in Asia, U.S. boat strikes in the Caribbean imperil regionaldiplomacy, a… [+9036 chars]",,en,'Peru'
29,https://www.npr.org/2025/11/07/g-s1-96943/indonesia-mosque-explosions,0,www.npr.org,"Multiple explosions shake a mosque in an Indonesian high school, injuring dozens",Indonesian authorities said they have identified a 17-year-old boy as the suspected perpetrator of an attack that shook a mosque at a high school during Friday prayers in Jakarta.,https://npr.brightspotcdn.com/dims3/default/strip/false/crop/8640x4858+0+230/resize/1400/quality/100/format/jpeg/?url=http%3A%2F%2Fnpr-brightspot.s3.amazonaws.com%2Fee%2F7d%2Fd3e12bcd46b8904c482146d32df5%2Fap25311364573778.jpg,2025-11-07T16:49:15Z,,"JAKARTA, Indonesia (AP) Indonesian authorities said they have identified a 17-year-old boy as the suspected perpetrator of an attack that shook a mosque at a high school during Friday prayers in Jaka… [+4205 chars]",,en,'Indonesia'
30,https://wattsupwiththat.com/2025/11/07/live-at-1pm-est-climate-energy-and-the-election-the-climate-realism-show-181/,0,wattsupwiththat.com,"LIVE at 1PM EST: Climate, Energy, and the Election— The Climate Realism Show #181","Crazy Climate News of the Week, including giving up your pets to save the climate, whether we should be concerned about the “fastest glacier retreat in Antarctica in modern history,”",https://i0.wp.com/wattsupwiththat.com/wp-content/uploads/2025/11/TCRS181.webp?fit=1024%2C512&quality=75&ssl=1,2025-11-07T17:30:00Z,,Both Democrats and President Trump wanted to make Tuesdays off-year elections the Energy Election. And it was not a good night for Republicans. Left-wing climate media say this is proof voters oppose… [+820 chars],,en,'Antarctica'
31,https://balloon-juice.com/2025/11/07/war-for-ukraine-day-1352-once-again-russian-missiles-and-drones-are-striking-ukrainian-civilian-targets-in-the-small-hours-of-the-night/,0,balloon-juice.com,"War for Ukraine Day 1,352: Once Again Russian Missiles and Drones Are Striking Ukrainian Civilian Targets In the Small Hours of the Night",(Image by NEIVANMADE) Once again the small hours of the night are the deadliest hours as Russia is targeting Ukrainian civilian targets with missiles and drones. This was from about 3 hours ago: Nationwide air alert in democratic Ukraine now due to activity o…,https://balloon-juice.com/wp-content/uploads/2020/01/Silverman_On_Security.jpg,2025-11-08T03:03:07Z,,"(Image by NEIVANMADE)
Once again the small hours of the night are the deadliest hours as Russia is targeting Ukrainian civilian targets with missiles and drones.
This was from about 3 hours ago:
N… [+26885 chars]",,en,'Russia'
32,https://www.nbcnews.com/news/us-news/explorer-colin-obrady-sets-record-breaking-solo-crossing-antarctica-rcna242150,0,www.nbcnews.com,Explorer Colin O'Brady sets out on a record-breaking solo crossing of Antarctica,Explorer Colin O’Brady is surrounded by duffel bags and dozens of neatly labeled bags of dried ramen while sitting down for a virtual interview from his Airbnb in southern Chile.,"https://media-cldnry.s-nbcnews.com/image/upload/t_nbcnews-fp-1200-630,f_auto,q_auto:best/rockcms/2025-11/251105-colin-obrady-gk-530c69.jpg",2025-11-08T12:15:00Z,,"The route has the same starting point Norwegian explorer Roald Amundsen used in 1911, when he became the first to reach the South Pole. OBrady will trace that history and then go far beyond it. Once … [+8079 chars]",,en,'Antarctica'
33,https://www.hoover.org/research/articles-chinas-militia-chinese-buoys-military-vietnam-pakistan-airbus-and-australia,0,www.hoover.org,"Articles On: Chinas Militia, Chinese Buoys, Military, Vietnam, Pakistan, Airbus, and Australia","Articles on the comprehensive military modernization and expansion program undertaken by the Chinese Communist Party, which supports an increasingly aggressive foreign policy and threatens the safety of China's neighbors.",https://www.hoover.org/sites/default/files/styles/facebook/public/research/images/csgp_military.jpg?h=7a66c18d&itok=BuC2EUqk,2025-11-09T00:00:00Z,,"Chinas militia forces train to get strong in the new eravia New York Times on October 27, 2025
Chinese Buoys at Scarborough Shoalvia Asia Maritime Transparency Initiativevia CSIS on November 5, 2025… [+895 chars]",,en,'Pakistan'
34,https://www.aljazeera.com/news/2025/11/9/nearly-1-million-filipinos-evacuate-as-super-typhoon-fung-wong-approaches,0,www.aljazeera.com,Nearly 1 million Filipinos evacuate as Super Typhoon Fung-wong approaches,Philippines weather bureau warns of 'life-threatening conditions' as super storm heads for its largest island.,https://www.aljazeera.com/wp-content/uploads/2025/11/2025-11-07T235956Z_1273815168_RC2ZRHAN0BNK_RTRMADP_3_ASIA-WEATHER-1762666232.jpg?resize=1920%2C1149,2025-11-09T07:44:21Z,,"Nearly a million people have evacuated their homes in the Philippines as the country braced for another powerful storm, days after a typhoon killed more than 200 people.
The storm, named Fung-wong, … [+4225 chars]",,en,'Philippines'
35,https://www.sciencedaily.com/releases/2025/11/251109032406.htm,0,www.sciencedaily.com,"9,000-year-old ice melt shows how fast Antarctica can fall apart","Around 9,000 years ago, East Antarctica went through a dramatic meltdown that was anything but isolated. Scientists have discovered that warm deep ocean water surged beneath the region’s floating ice shelves, causing them to collapse and unleashing a domino e…",https://www.sciencedaily.com/images/1920/antarctic-melting-glacier-calving-climate-change.webp,2025-11-09T08:56:56Z,,"A new study published in Nature Geoscience reveals that the East Antarctic Ice Sheet (EAIS) experienced a major retreat about 9,000 years ago, triggered by a powerful feedback between melting ice and… [+4653 chars]",,en,'Antarctica'
36,https://www.yahoo.com/news/articles/landmark-paris-agreement-set-path-142356581.html,0,www.yahoo.com,Landmark Paris Agreement set a path to slow warming. The world hasn't stayed on it,"The world has changed dramatically in the decade since leaders celebrated a historic climate agreement in Paris a decade ago, but not quite in ways they...",https://s.yimg.com/ny/api/res/1.2/D3PSdIhUcL1.7aFlo1F.Ag--/YXBwaWQ9aGlnaGxhbmRlcjt3PTEyMDA7aD04MDA7Y2Y9d2VicA--/https://media.zenfs.com/en/ap.org/eeb5e4c42cd32d8b7a808c4c08a44c16,2025-11-09T14:23:56Z,,"The world has changed dramatically in the decade since leaders celebrated a historic climate agreement in Paris a decade ago, but not quite in ways they expected or wanted.
Earth's warming climate h… [+6792 chars]",,en,'Antarctica'
37,https://abcnews.go.com/Technology/wireStory/landmark-paris-agreement-set-path-slow-warming-world-127352278,0,abcnews.go.com,Landmark Paris Agreement set a path to slow warming. The world hasn't stayed on it,The world has seen faster climate change than expected since the Paris Agreement a decade ago,https://i.abcnewsfe.com/a/bd74399b-7838-4a2b-8ff7-3d192dbc3456/wirestory_d56626cd6f7f1f8e5c1a9afbde9d5198_16x9.jpg?w=1600,2025-11-09T15:49:40Z,http://web.archive.org/web/20251109230830/https://abcnews.go.com/Technology/wireStory/landmark-paris-agreement-set-path-slow-warming-world-127352278,"The world has changed dramatically in the decade since leaders celebrated a historic climate agreement in Paris a decade ago, but not quite in ways they expected or wanted. 
Earth's warming climate … [+6730 chars]",,en,'Paris'
38,https://apnews.com/article/climate-negotiations-agreement-paris-brazil-warming-harms-d56626cd6f7f1f8e5c1a9afbde9d5198,0,apnews.com,"In 10 years since Paris climate agreement, progress on warming but not nearly enough",The world has seen faster climate change than expected since the Paris Agreement a decade ago. Scientists say Earth's warming has outpaced efforts to reduce fossil fuel pollution that came out of the 2015 accord. This issue will be a focus of this week's UN c…,https://dims.apnews.com/dims4/default/80eb479/2147483647/strip/true/crop/5773x3247+0+301/resize/1440x810!/quality/90/?url=https%3A%2F%2Fassets.apnews.com%2Fbd%2Fe0%2Ffbefef990c19e3982a181eb5284a%2F4e44a61e512843e48d94d05deffa8741,2025-11-09T16:23:48Z,,"The world has changed dramatically in the decade since leaders celebrated a historic climate agreement in Paris a decade ago, but not quite in ways they expected or wanted. 
Earths warming climate h… [+6773 chars]",,en,'Paris'
39,https://phys.org/news/2025-11-landmark-paris-agreement-path-world.html,0,phys.org,Landmark Paris Agreement set a path to slow warming. The world hasn't stayed on it,"The world has changed dramatically in the decade since leaders celebrated a historic climate agreement in Paris a decade ago, but not quite in ways they expected or wanted.",https://scx2.b-cdn.net/gfx/news/hires/2025/landmark-paris-agreeme.jpg,2025-11-09T19:28:42Z,,"The world has changed dramatically in the decade since leaders celebrated a historic climate agreement in Paris a decade ago, but not quite in ways they expected or wanted.
Earth's warming climate h… [+7751 chars]",,en,'Paris'
40,http://www.soompi.com/article/1796731wpp/baek-jong-won-im-soo-hyang-suho-and-chae-jong-hyeops-variety-show-confirms-premiere-date-with-new-poster,0,www.soompi.com,"Baek Jong Won, Im Soo Hyang, Suho, And Chae Jong Hyeop’s Variety Show Confirms Premiere Date With New Poster",Upcoming variety show “Chef of Antarctica” (literal title) has unveiled new poster along with its premiere date! MBC’s “Chef of Antarctica” is a program that captures the process of preparing warm meals for a wintering team isolated in the harsh Antarctic env…,https://0.soompi.io/wp-content/uploads/2025/11/09175439/The-Chef-of-South-Polar.jpeg,2025-11-10T02:51:39Z,,"Upcoming variety show Chef of Antarctica (literal title) has unveiled new poster along with its premiere date!
MBCs Chef of Antarctica is a program that captures the process of preparing warm meals … [+1554 chars]",,en,'Antarctica'
41,https://variety.com/2025/film/box-office/predator-badlands-china-box-office-1236573712/,0,variety.com,‘Predator: Badlands’ Bows Atop China Box Office,"Hollywood returned to the top of the China box office as 20th Century Studios release “Predator: Badlands” debuted at No. 1 with RMB52.5 million ($7.4 million) for the Nov. 3–9 weekend, according to Artisan Gateway. With a total of $80 million, “Predator: Bad…",https://variety.com/wp-content/uploads/2025/11/PB-FP-0006.jpg?w=1000&h=563&crop=1,2025-11-10T03:50:17Z,,"Hollywood returned to the top of the China box office as 20th Century Studios release “Predator: Badlands” debuted at No. 1 with RMB52.5 million ($7.4 million) for the Nov. 3–9 weekend, according to … [+1662 chars]",,en,'China'
42,https://www.thejournal.ie/readme/what-is-bird-flu-history-transmission-risks-6867697-Nov2025/,0,www.thejournal.ie,Dr Catherine Conlon: Bird flu has been confirmed in Ireland - what are the risks?,"The public health doctor says that while poultry farms must house their flocks ahead of Christmas, transmission to humans is rare.",https://img2.thejournal.ie/article/6867697/river/?height=400&version=6867711,2025-11-10T07:00:55Z,,"AS WE PREPARE for the festive season, anticipating the steaming aromatic turkey or duck taking pride of place on the family dinner table, that much-treasured moment is threatened by the recent arriva… [+7371 chars]",,en,'Ireland'
43,https://everything-everywhere.com/the-taiping-rebellion/,0,everything-everywhere.com,The Taiping Rebellion,"Podcast Transcript In the mid-19th century, China experienced its greatest civil war.  It was a conflict that set China on a course that eventually led to its Century of Humiliation and the fall of the Qing Dynasty. It wasn’t just a massive civil war; in term…",https://photos.smugmug.com/Other/n-hRFP2/Podcast-Images/i-tq6WDK2/0/NdqbrNDzxZsznLbC4qtzfsdqg2k3fWHzRxdQKWjHz/L/1953epart-L.jpg,2025-11-10T07:15:10Z,,"Subscribe Apple | Spotify | Amazon |iHeart Radio | Castbox | Podcast Republic | RSS | Patreon | Discord | Facebook
In the mid-19th century, China experienced its greatest civil war. 
It was a confl… [+13316 chars]",,en,'French Southern Territories'
44,https://www.cbc.ca/news/canada/north/50-years-james-bay-northern-quebec-agreement-9.6968141,0,www.cbc.ca,The fight to be heard: 50 years of the James Bay and Northern Quebec Agreement,This is part one of a three-part series from Radio-Canada about the 50th anniversary of the James Bay and Northern Quebec Agreement.,"https://i.cbc.ca/ais/a8aaa214-b7fa-41d8-85a0-f4e72a594aa9,1762731093611/full/max/0/default.jpg?im=Crop%2Crect%3D%280%2C0%2C1249%2C702%29%3BResize%3D620",2025-11-10T09:00:00Z,,"This is part one of a three-part series from Radio-Canada about the 50th anniversary of the James Bay and Northern Quebec Agreement. 
In April 1971, four years before signing the James Bay and North… [+9068 chars]",,en,'Canada'
45,https://hisugarplum.com/the-ultimate-holiday-gift-guide/,0,hisugarplum.com,The Ultimate Holiday Gift Guide,"Hello, friends, and happy Monday! Mr. SP and I are back from our trek to Antarctica and Patagonia (see what…
The post The Ultimate Holiday Gift Guide appeared first on Hi Sugarplum!.",https://hisugarplum.com/wp-content/uploads/2025/11/GIFT-GUIDE-FOR-HIM-AND-HER-BY-PRICE-BANNER.jpg,2025-11-10T10:30:00Z,,"Hello, friends, and happy Monday! Mr. SP and I are back from our trek to Antarctica and Patagonia (see what I packed and how I wore it HERE), and we seemed to have brought the cold back with us! Temp… [+2379 chars]",,en,'Antarctica'
46,https://theweek.com/environment/the-future-of-the-paris-agreement,0,theweek.com,The future of the Paris agreement,"UN secretary general warns it is ‘inevitable’ the world will overshoot 1.5C target, but there is still time to change course",https://cdn.mos.cms.futurecdn.net/UHaFoVNR49BiWsRTPAN2MM-2000-80.jpg,2025-11-10T11:07:35Z,,"The world has failed to limit rising temperatures to 1.5C above pre-industrial levels – the goal set in the 2015 Paris climate agreement, the UN secretary general has said.
Speaking ahead of the COP… [+3807 chars]",,en,'Antarctica'
47,http://chicagoreader.com/books/book-review/capturing-kahanamoku-michael-rossi/,0,chicagoreader.com,Capturing Kahanamoku explores the dark history of eugenics,"The Man in the High Castle, Amazon’s original series based on the 1962 novel by Philip K. Dick, imagines an alternate history in which the Allied forces lose World War II and the United States is annexed by Nazi Germany and Japan. In one subplot, a teenager n…",https://i0.wp.com/chicagoreader.com/wp-content/uploads/2025/11/Rossi_CapturingKahanamoku_HC-scaled.jpg?fit=1707%2C2560&ssl=1,2025-11-10T13:00:00Z,,"The Man in the High Castle, Amazons original series based on the 1962 novel by Philip K. Dick, imagines an alternate history in which the Allied forces lose World War II and the United States is anne… [+7280 chars]",,en,'Pitcairn'
48,https://nypost.com/2025/11/10/us-news/robert-de-niros-daughter-shares-emotional-post-honoring-son-leandro-while-visiting-the-pope-at-the-vatican/,0,nypost.com,Robert De Niro’s daughter shares emotional post honoring son Leandro while visiting Pope at the Vatican,"""My little Leo has been showering us with so many signs of his constant presence this entire trip.""",https://nypost.com/wp-content/uploads/sites/2/2025/11/115155470.jpg?quality=75&strip=all&w=1200,2025-11-10T13:00:26Z,,Robert De Niros daughter said she felt her son’s “constant presence” while visiting the Pope in Rome two weeks after five people were arrested for allegedly peddling fentanyl-laced opioid pills that … [+3495 chars],,en,'Vatican'
https://weather.com/news/climate/video/antarctica-glacier-retreat-record-pace,https://weather.com/news/climate/video/antarctica-glacier-retreat-record-pace,0,weather.com,Antarctica Glacier Lost Nearly Half Of Its Ice In Two Months,The Hektoria Glacier in Antarctica has lost half of its ice in roughly two months. Researchers say this lightning-fast retreat is reminiscent of the Ice Ages...,https://s.yimg.com/ny/api/res/1.2/HI1ALipNUcp8mFyBoETn5Q--/YXBwaWQ9aGlnaGxhbmRlcjt3PTEyMDA7aD02NzU7Y2Y9d2VicA--/https://media.zenfs.com/en/the_weather_channel_videos_110/f2e1ec7dbb42e8fb04ca34b507675f54,2025-11-10T16:58:09Z,,"The Hektoria Glacier in Antarctica has lost half of its ice in roughly two months. Researchers say this lightning-fast retreat is reminiscent of the Ice Ages, and could signal a bigger concern when i… [+108 chars]",,en,'Antarctica'
49,https://www.yahoo.com/news/articles/vatican-investigates-swiss-guard-allegations-170548481.html,0,www.yahoo.com,Vatican investigates Swiss Guard after allegations of an antisemitic incident in St. Peter's Square,"The Vatican said Monday it was investigating a possible antisemitic incident, in which a Swiss Guard allegedly made a spitting gesture toward two Jewish...",https://s.yimg.com/ny/api/res/1.2/DXOo4iWaee1MTbsOx6gAQg--/YXBwaWQ9aGlnaGxhbmRlcjt3PTEyMDA7aD04MDA7Y2Y9d2VicA--/https://media.zenfs.com/en/ap.org/1f7b22c07de506cf27863813273e9756,2025-11-10T17:05:48Z,,"ROME (AP) The Vatican said Monday it was investigating a possible antisemitic incident, in which a Swiss Guard allegedly made a spitting gesture toward two Jewish women.
The alleged incident occurre… [+1883 chars]",,en,'Vatican City'
50,https://www.upi.com/Top_News/World-News/2025/11/10/vatican-swiss-guard-investigates-anti-semitism-vatican/7281762799939/,0,www.upi.com,Swiss Guard investigates alleged anti-Semitism by a member at Vatican,The Vatican that its armed forces plans to investigate an incident in which a member of the Swiss Guard allegedly spat at two Jewish women.,https://media.zenfs.com/en/united_press_international_articles_356/58aabddb2d765d76985c11be258a7710,2025-11-10T19:16:04Z,,Nov. 10 (UPI) -- The Vatican announced Monday that its armed forces plans to investigate an incident in which a member of the Swiss Guard allegedly insulted and spat at two Jewish women at the entran… [+1734 chars],,en,'Vatican City'
51,https://www.businessinsider.com/empty-nester-mother-penang-malaysia-mm2h-visa-retirement-2025-11,0,www.businessinsider.com,"I've lived and worked in 5 countries. After becoming an empty nester, I built my dream retirement in a new city.","Jessica Khine, 63, says she enjoys Penang's vibrant culture and community.",https://i.insider.com/690d859e7f37aa653f5597c6?width=1200&format=jpeg,2025-11-11T00:14:01Z,,"Jessica Khine lives in Penang, Malaysia as an empty nester.Jessica Khine.
<ul><li>Jessica Khine has lived and worked in various countries, including the UK, Japan, and Singapore.</li><li>After being… [+4019 chars]",,en,'Heard Island'
52,https://www.aljazeera.com/news/2025/11/11/21-dead-search-continues-after-refugee-boat-sinks-near-malaysia-thailand,0,www.aljazeera.com,"21 dead, search continues after refugee boat sinks near Malaysia, Thailand",The boat was carrying dozens of refugees from Myanmar's persecuted Rohingya Muslim minority when it sank.,https://www.aljazeera.com/wp-content/uploads/2025/11/reuters_6912c814-1762838548.jpg?resize=1920%2C1440,2025-11-11T07:28:50Z,,"Authorities in Malaysia and Thailand have recovered at least 21 bodies as they search for survivors after a boat carrying Rohingya refugees fleeing Myanmar sank, police and maritime officials said on… [+1819 chars]",,en,'West Island'
https://www.npr.org/2025/11/11/nx-s1-5604880/pregnant-early-pregnancy-prenatal-care-visit,https://www.npr.org/2025/11/11/nx-s1-5604880/pregnant-early-pregnancy-prenatal-care-visit,0,www.npr.org,I'm pregnant but my doctor won't see me before 9 weeks. Why not? Is it OK to wait?,"A pregnancy test can tell you that you're expecting as early as 4 weeks, but most doctors won't see you for another month. Many women want care sooner. Why's it so hard to get and what can you do?",https://npr.brightspotcdn.com/dims3/default/strip/false/crop/3500x1969+0+416/resize/1400/quality/100/format/jpeg/?url=http%3A%2F%2Fnpr-brightspot.s3.amazonaws.com%2F29%2F3a%2F774b71d0452799fef69037035cb1%2Fnpr-ask-the-doctor-2-fa.jpg,2025-11-11T12:00:00Z,,"Q: I just found out I'm pregnant. According to my period tracking app, I'm about five weeks along. But I can't get a first prenatal appointment until I'm nine weeks in. I'm super stressed out. Why ca… [+7418 chars]",,en,'Antarctica'
53,http://deadline.com/2025/11/spike-lee-cate-blanchett-pope-leo-vatican-1236613859/,0,deadline.com,Spike Lee And Cate Blanchett Among Industry Figures Set To Meet Pope Leo At The Vatican,"Pope Leo will meet with a collection of high-profile names from across the film and TV industry at the Vatican on Saturday.  Among the invited group are Spike Lee, Cate Blanchett, Judd Apatow, Marco Bellocchio, Monica Bellucci, Wang Bing, Gus Van Sant, and Ab…",https://deadline.com/wp-content/uploads/2025/11/MixCollage-11-Nov-2025-02-29-PM-2454-e1762871425740.jpg?w=1024,2025-11-11T14:32:05Z,,"Pope Leo will meet with a collection of high-profile names from across the film and TV industry at the Vatican on Saturday. 
Among the invited group are Spike Lee, Cate Blanchett, Judd Apatow, Marco… [+1322 chars]",,en,'Vatican'
54,http://www.vulture.com/article/pope-leo-celebrity-event-vatican-whos-going.html,0,www.vulture.com,Pope Leo Wants to Meet the Best Chris,The first cinephile pope has invited a ton of celebrities — including Chris Pine — to the Vatican to discuss how cinema and the church can link and build.,https://pyxis.nymag.com/v1/imgs/062/e4f/fa9f9ad98ca892599ca48df8f064119355-pope-leo-trio.1x.rsocial.w1200.jpg,2025-11-11T17:39:11Z,,"Now that its been a little over six months that Pope Leo was elected to the highest office of the Catholic Church, hes having a little fun with it. On November 15, Pope Leo will hostCate Blanchett, M… [+1932 chars]",,en,'Vatican'
55,https://www.thenation.com/?post_type=article&p=577201,0,www.thenation.com,I Tried to Deliver Aid to Gaza. Israel Kidnapped and Tortured Me.,"Thomas Becker



They stripped us naked, deprived us of sleep, food, and sanitary facilities, arbitrarily threatened us with guns, and physically attacked us.




The post I Tried to Deliver Aid to Gaza. Israel Kidnapped and Tortured Me. appeared first on T…",https://www.thenation.com/wp-content/uploads/2025/11/GettyImages-2239682184.jpg,2025-11-12T10:00:00Z,http://web.archive.org/web/20251011012205/https://www.thenation.com/?post_type=article,"World / November 12, 2025
They stripped us naked, deprived us of sleep, food, and sanitary facilities, arbitrarily threatened us with guns, and physically attacked us.
Ad Policy
Pro-Palestine supp… [+8681 chars]",,en,'Israel'
56,https://www.businessinsider.com/italy-trip-things-you-should-never-do-travel-consultant-2025-11,0,www.businessinsider.com,I'm a travel consultant who helps people plan trips to Italy. These are the 6 most common mistakes I see travelers make.,"As a travel consultant of 10 years, I help people plan trips to Italy. Common mistakes I see tourists make include overscheduling and poor research.",https://i.insider.com/6914a5dd62a04500b3163ba2?width=1200&format=jpeg,2025-11-12T16:03:01Z,,"As a travel consultant, I know there are some things you should never do when planning a trip to Italy.Jenna Chaplin
<ul><li>As a travel consultant of 10 years, I help clients plan trips to Italy an… [+5022 chars]",,en,'Italy'
57,https://www.ansa.it/sito/photogallery/curiosita/2025/11/12/papa-leone-con-naomi-campbell-in-piazza-san-pietro_06736515-21be-44ce-8653-044f6ddf62b1.html,0,www.ansa.it,Papa Leone con Naomi Campbell in Piazza San Pietro,"Pope Leo XIV flanked by British model Naomi Campbell during weekly General Audience in St. Peter's Square, in Vatican City, 12 November 2025. ANSA/FABIO FRUSTACI (ANSA). (ANSA)",https://www.ansa.it/webimages/img_1129x635/2025/11/12/d173f8e92cec8fe30edb021aa0de0c5f.jpg,2025-11-12T16:54:43Z,,"Se hai scelto di non accettare i cookie di profilazione e tracciamento, puoi aderire all’abbonamento ""Consentless"" a un costo molto accessibile, oppure scegliere un altro abbonamento per accedere ad … [+320 chars]",,en,'Vatican'
58,https://abcnews.go.com/International/wireStory/vatican-bank-rehires-couple-fired-violating-workplace-marriage-127456492,0,abcnews.go.com,Vatican bank rehires couple fired for violating workplace marriage rule,A married couple fired from the Vatican bank for violating a new rule against workplace marriages has been rehired in a settlement,https://s.abcnews.com/images/US/abc_news_default_2000x2000_update_16x9_992.jpg,2025-11-12T17:09:57Z,,"VATICAN CITY -- A married couple who had been fired from the Vatican bank for violating an internal rule barring workplace marriages has been rehired in a negotiated settlement, the union for Vatican… [+1447 chars]",,en,'Vatican'
59,https://www.catholicnewsagency.com/news/267767/growth-of-catholic-jewish-interfaith-vision-encouraged-at-catholic-university-of-america-event,0,www.catholicnewsagency.com,Growth of Catholic-Jewish interfaith vision encouraged at Catholic Univeristy of America event,"Carmelite Father Craig Morrison speaks on a panel about Jewish-Catholic relations at The Catholic University of America on Nov. 11, 2025. / Credit: Madalaine Elhabbal/CNA

Washington, D.C., Nov 12, 2025 / 12:45 pm (CNA).
Nostra Aetate, the Church’s declaratio…",https://www.catholicnewsagency.com/images/rev.-craig-rabi-marans-rebecca-cohen.jpg?jpg,2025-11-12T17:45:00Z,,"Washington, D.C., Nov 12, 2025 /
 12:45 pm
Nostra Aetate, the Churchs declaration on building relationships with non-Christian religions,  planted a seed that must continue to be nourished, accordi… [+3077 chars]",,en,'Washington'
60,https://biztoc.com/x/5e432bea236ea1ed,0,biztoc.com,Vatican bank rehires couple fired for violating workplace marriage rule,,https://biztoc.com/cdn/950/og.png,2025-11-12T18:02:32Z,,"{ window.open(this.href, '_blank'); }, 200); return false;""&gt;What tariff relief is coming for coffee and bananas? { window.open(this.href, '_blank'); }, 200); return false;""&gt;Why is Kim Kardashia… [+805 chars]",,en,'Vatican'
61,https://mubi.com/en/notebook/posts/rushes-china-quashes-nyc-fest-commercials-leave-la-remembering-peter-watkins,0,mubi.com,"Rushes | China Quashes NYC Fest, Commercials Leave LA, Remembering Peter Watkins","This week’s essential news, articles, sounds, videos, and more from the film world.",https://images.mubicdn.net/images/notebook/post_spotlight_images/11451/cache-11451-1762971552/images-w1280.jpg,2025-11-12T18:09:12Z,,"Get in touch to send in cinephile news and discoveries. To keep up with our latest features, sign up for the Weekly Edit newsletter and follow us @mubinotebook on X and Instagram.NEWS Poster for the … [+12966 chars]",,en,'Vatican'
62,https://www.catholicnewsagency.com/news/267769/catholic-american-bible-gets-green-light-from-us-bishops,0,www.catholicnewsagency.com,‘Catholic American Bible’ gets green light from U.S. bishops,"null / Credit: joshimerbin/Shutterstock

Baltimore, Maryland, Nov 12, 2025 / 13:15 pm (CNA).
The United States Conference of Catholic Bishops (USCCB) approved a new translation of the Bible, which will be used for personal Bibles, the lectionary at Mass, and …",https://www.catholicnewsagency.com/images/bible062824.jpg?jpg,2025-11-12T18:15:00Z,,"Baltimore, Maryland, Nov 12, 2025 /
 13:15 pm
The United States Conference of Catholic Bishops (USCCB) approved a new translation of the Bible, which will be used for personal Bibles, the lectionar… [+1377 chars]",,en,'United States'
63,https://www.dailydot.com/entertainment/pope-leo-favorite-movies/,0,www.dailydot.com,Pope Leo’s four favorite films have movie fans saying “amen”,"Ever since the first American pope, Leo XIV, was selected by the Vatican to lead the Catholic Church, social media users around the globe have wondered about his personal life. In a recent interview, Pope Leo revealed his favorite movies, sparking discussion …",https://uploads.dailydot.com/2025/11/pope-leo-favorite-movies-.jpg?auto=compress&fm=pjpg&w=2000&h=1000,2025-11-12T19:04:16Z,,"Ever since the first American pope, Leo XIV, was selected by the Vatican to lead the Catholic Church, social media users around the globe have wondered about his personal life. In a recent interview,… [+1720 chars]",,en,'Vatican'
64,https://www.catholicnewsagency.com/news/267775/vatican-declares-alleged-apparitions-of-jesus-in-france-not-supernatural,0,www.catholicnewsagency.com,Vatican declares alleged apparitions of Jesus in France ‘not supernatural’,"St. Peter’s Basilica in Vatican City. / Credit: Xosema (CC BY-SA 4.0)

ACI Prensa Staff, Nov 12, 2025 / 14:54 pm (CNA).
The Dicastery for the Doctrine of the Faith (DDF) has declared that the alleged apparitions of Jesus in Dozulé, France, do not have an auth…",https://www.catholicnewsagency.com/images/stpeters103.jpg?jpg,2025-11-12T19:54:00Z,,"ACI Prensa Staff, Nov 12, 2025 /
 14:54 pm
The Dicastery for the Doctrine of the Faith (DDF) has declared that the alleged apparitions of Jesus in Dozulé, France, do not have an authentic divine or… [+4090 chars]",,en,'France'
65,https://histalk2.com/2025/11/12/healthcare-ai-news-11-12-25/,0,histalk2.com,Healthcare AI News 11/12/25,News The Vatican convenes a Rome conference this week titled ...,,2025-11-12T20:37:26Z,,"News
The Vatican convenes a Rome conference this week titled AI and Medicine: The Challenge of Human Dignity, where a church official warned of the risk of transforming health and illness into mere … [+4251 chars]",,en,'Vatican'
66,https://www.catholicnewsagency.com/news/267777/pope-leo-xiv-proposes-19th-century-indian-religious-as-a-model-of-women-s-emancipation,0,www.catholicnewsagency.com,Pope Leo XIV proposes 19th-century Indian religious as a model of women’s emancipation,"The beatification ceremony for Mother Elisva Vakha’i was held in the square in front of the Basilica-Shrine of Our Lady of Ransom in Vallarpadam, Kochi, Kerala, India, Nov. 8, 2025. / Credit: Congregation of the Teresian Discalced Carmelite Sisters; Daniel Ib…",https://www.catholicnewsagency.com/images/indianblessed.jpg?jpg,2025-11-12T21:24:00Z,,"Vatican City, Nov 12, 2025 /
 16:24 pm
Pope Leo XIV spoke of the beatification this week of Mother Elisva Vakhai, a 19th-century Indian religious and founder of the Third Order of the Teresian Disc… [+3422 chars]",,en,'Vatican'
67,https://www.foxnews.com/media/first-american-pope-welcome-hollywood-stars-vatican-rare-holy-year-audience,0,www.foxnews.com,First American pope to welcome Hollywood stars to Vatican for rare Holy Year audience,"Pope Leo XIV will welcome top actors and directors for a rare Vatican audience, exploring how creativity can promote human values during a Jubilee Year.",https://static.foxnews.com/foxnews.com/content/uploads/2025/11/pope-leo-vatican-hollywood-event-fox-news.jpg,2025-11-13T01:00:22Z,,Pope Leo XIV is seeking to bridge the gap between the Vatican and Hollywood. Some of the film industrys biggest names will have an exclusive audience with the leader of the Catholic Church Saturday.,,,
68,https://cnalifestyle.channelnewsasia.com/entertainment/newjeans-will-return-ador-473831,0,cnalifestyle.channelnewsasia.com,All 5 members of NewJeans say they will return to Ador,"On Wednesday (Nov 12), members of K-pop girl group NewJeans announced that they will return to South Korean label Ador, after months of legal battles.","https://dam.mediacorp.sg/image/upload/s--3y5zIPrm--/c_crop,h_893,w_1587,x_1,y_1/c_fill,g_auto,h_676,w_1200/fl_relative,g_south_east,l_mediacorp:cna:watermark:2021-08:cna,w_0.1/f_auto,q_auto/v1/mediacorp/cna/image/2024/02/04/newjeans_singapore_standing_on_stage.jpg?itok=YN4XkofT",2025-11-13T01:25:00Z,,"Hours later, the remaining three members of NewJeans, Minji (21), Hanni (21) and Danielle (20), issued a statement stating that they too will return to Ador and clarified why they made the announceme… [+575 chars]",,en,'South Korea'
69,https://www.joblo.com/pope-leos-favourite-movies/,0,www.joblo.com,What are Pope Leo’s favourite movies?,"Pope Leo XIV, the first head of the Catholic Church to be born in the United States, unveils his four favourite movies.
The post What are Pope Leo’s favourite movies? appeared first on JoBlo.",https://www.joblo.com/wp-content/uploads/2025/11/pope-leo-fave-films.jpg,2025-11-13T01:35:22Z,,"A persons favourite films can be surprisingly revealing, offering a glimpse into their tastes, values, and quirks. Ive always loved learning what movies resonate with notable figures, from Hollywood … [+1919 chars]",,en,'Vatican'
70,https://pitchfork.com/news/newjeans-to-return-to-label-following-legal-dispute/,0,pitchfork.com,NewJeans to Return to Label Following Legal Dispute,"A South Korean district court ruled that the K-pop group must honor their contract with Hybe imprint Ador, which extends through 2029","https://media.pitchfork.com/photos/6915151771df80ce0fe67a32/16:9/w_1280,c_limit/NewJeans.jpeg",2025-11-13T02:23:26Z,,"K-pop group NewJeans have announced that they will return to record label Ador following a prolonged legal dispute. In a statement to Pitchfork, Adoran imprint of Hybesaid that members Hyein and Haer… [+1887 chars]",,en,'South Korea'
71,https://www.independent.ie/business/commercial-property/evara-pays-50m-12m-an-acre-for-three-south-dublin-sites-with-potential-for-600-new-homes/a289029134.html,0,www.independent.ie,Evara pays €50m – €1.2m an acre – for three south Dublin sites with potential for 600 new homes,"Housing developer Evara is understood to have paid around €50m for three south Dublin sites with the potential for more than 600 new homes, including houses aimed at the home-buyer market.",https://focus.independent.ie/thumbor/ZQ7hZLPSTNMkndNXjb5vNRkSDZ4=/0x0:3236x2155/629x0/prod-mh-ireland/5dd9c16f-2443-41d7-9feb-7debc0226782/2e8c7bb6-2a0d-47fe-96b3-dc063beead58/5dd9c16f-2443-41d7-9feb-7debc0226782.jpg,2025-11-13T05:30:00Z,,"Housing developer Evara is understood to have paid around 50m for three south Dublin sites with the potential for more than 600 new homes, including houses aimed at the home-buyer market.The price eq… [+2365 chars]",,en,'Adamstown'
72,https://literaryreview.co.uk/the-pen-the-spade-2,0,literaryreview.co.uk,The Pen and the Spade: The Poems of Seamus Heaney,"Jeremy Noel-Tod: The Pen & the Spade - The Poems of Seamus Heaney by Rosie Lavan, Bernard O’Donoghue and Matthew Hollis (edd.)",https://literaryreview.co.uk/wp-content/lr-files/2025/10/NOV25_cover-600x801.jpg?1763210431,2025-11-13T06:22:01Z,,"Seamus Heaney was a self-consciously self-made poet. In his essay Feeling into Words, he gives one of the best accounts available of finding your voice as a writer. There were early stirrings of poet… [+6839 chars]",,en,'Bern'
73,https://www.catholicnewsagency.com/news/267781/pope-leo-xiv-to-open-academic-year-at-lateran-university-this-is-his-home-rectory-says,0,www.catholicnewsagency.com,"Pope Leo XIV to open academic year at Lateran University: ‘This is his home,’ rector says","Rome’s Pontifical Lateran University, where the John Paul II Pontifical Theological Institute for Marriage and Family Sciences is located. / Credit: calu777/flickr (CC BY 2.0)

Vatican City, Nov 13, 2025 / 06:00 am (CNA).
The Pontifical Lateran University, th…",https://www.catholicnewsagency.com/images/Lateran_university.jpg?jpg,2025-11-13T11:00:00Z,,"Vatican City, Nov 13, 2025 /
 06:00 am
The Pontifical Lateran University, the historic institution founded in 1773 by Pope Clement XIV, will inaugurate the academic year on Nov. 14.
The ceremony t… [+4280 chars]",,en,'Vatican'
74,https://phys.org/news/2025-11-remote-islands-vulnerability-sea.html,0,phys.org,Study provides new forecasts of remote islands' vulnerability to sea level rise,"In the summer of 2022, 20 islands in the Maldives were flooded when a distant swell event in the Indian Ocean coincided with an extremely high tide level.",https://scx2.b-cdn.net/gfx/news/hires/2025/study-provides-new-for.jpg,2025-11-13T12:12:04Z,,"In the summer of 2022, 20 islands in the Maldives were flooded when a distant swell event in the Indian Ocean coincided with an extremely high tide level.
A new and detailed analysis of that inciden… [+5475 chars]",,en,'West Island'
75,https://www.huffpost.com/entry/vatican-jesus-hill-france_n_6915cdb2e4b0dd708f397a5e,0,www.huffpost.com,Vatican Finally Shuts Down Town’s Decades-Long Jesus Claim,"Stories of appearances by Jesus in Dozule were not to be considered genuine by the world's 1.4 billion Catholics, it ruled.",https://img.huffingtonpost.com/asset/6915d0c81700002825a8fedb.jpeg?cache=gqEG8jzvwl&ops=1200_630,2025-11-13T12:37:40Z,,"VATICAN CITY, Nov 12 (Reuters) - Jesus may answer prayers but he has not made special appearances in a small town in the north of France, the Vatican said on Wednesday.
In a new instruction approved… [+3189 chars]",,en,'Vatican'
76,https://www.unexplained-mysteries.com/news/392032/jesus-did-not-appear-on-french-hillside-vatican-officials-rule,0,www.unexplained-mysteries.com,"Jesus did not appear on French hillside, Vatican officials rule",Pope Leo recently instructed the Vatican's top doctrinal office to comment on a long-running divine intervention case. The story goes that for several...,https://www.unexplained-mysteries.com/images/news_large_retina/news-hq-jesus.jpg,2025-11-13T12:54:52Z,,"Spirituality
By T.K. RandallNovember 13, 2025 ·  0 commentsThe sightings had been reported for over 50 years. Image Credit: CC BY-SA 3.0 WbgArchivesPope Leo recently instructed the Vatican's top doc… [+1096 chars]",,en,'Vatican'
77,https://phys.org/news/2025-11-bird-flu-female-elephant-south.html,0,phys.org,Bird flu wipes out nearly half of breeding female elephant seals on South Georgia,"The world's largest species of seal has been devastated by bird flu, which has wiped out half of all breeding females at a key wildlife haven near Antarctica, scientists warned Thursday.",https://scx2.b-cdn.net/gfx/news/hires/2025/bleak-future-for-seals.jpg,2025-11-13T16:36:50Z,,"The world's largest species of seal has been devastated by bird flu, which has wiped out half of all breeding females at a key wildlife haven near Antarctica, scientists warned Thursday.
The remote … [+3600 chars]",,en,'Georgia'
78,https://www.vanityfair.com/hollywood/story/pope-leo-xiv-reveals-his-four-favorite-films,0,www.vanityfair.com,Pope Leo XIV Reveals His Four Favorite Films,"Before welcoming prominent figures in cinema to the Vatican on Saturday, Pope Leo XIV shared his four favorite films of all time— including a Christmas classic, a beloved musical, and an Oscar-winning drama.","https://media.vanityfair.com/photos/6915f5869e297cb897143240/16:9/w_1280,c_limit/GettyImages-2246340053.jpg",2025-11-13T17:03:15Z,,"Just because youre the pope, that doesnt meant mean you cant have a little fun. The dearly departed Pope Francis had plenty of earthly passions, including soccer and cinema. Fellini's The Road, Gabri… [+2818 chars]",,en,'Vatican City'
79,https://newatlas.com/science/antarctic-ice-glimpse-earths-past/,0,newatlas.com,Six-million-year-old Antarctic ice offers rare glimpse into Earth's past,"Antarctica's ice cores are like frozen diaries of Earth's past, preserving ancient air and climate clues. Most continuous records go back about 800,000 years. But in a region called the Allan Hills, a special patch of blue ice holds scattered snapshots dating…",https://assets.newatlas.com/dims4/default/e34a6ac/2147483647/strip/true/crop/3024x1588+0+1016/resize/1200x630!/quality/90/?url=https%3A%2F%2Fnewatlas-brightspot.s3.amazonaws.com%2Fdd%2Ff7%2F7bf96e484b32a358e653f63a0c15%2Fraisingtheforo-0.jpg&na.image_optimisation=0,2025-11-14T00:02:00Z,,"Antarctica's ice cores are like frozen diaries of Earth's past, preserving ancient air and climate clues. Most continuous records go back about 800,000 years. But in a region called the Allan Hills, … [+2525 chars]",,en,'Antarctica'
https://blog.lyc8503.net/en/post/asn-5-worldwide-servers/,https://blog.lyc8503.net/en/post/asn-5-worldwide-servers/,0,blog.lyc8503.net,How to Get a North Korea / Antarctica VPS,.admonition {   margin: .75em 0;   padding: .6rem;   overflow: hidden;   font-size: 12px;   page-break-inside: avoid;   border-left: .3rem solid #42b983;   border-radius: .3rem;   box-shadow: 0 0.1re,https://blog.lyc8503.net/en/post/asn-5-worldwide-servers/inet6num.png,2025-11-14T01:30:50Z,http://web.archive.org/web/20251115132843/https://blog.lyc8503.net/en/post/asn-5-worldwide-servers/,"This article is currently an experimental machine translation and may contain errors. If anything is unclear, please refer to the original Chinese version. I am continuously working to improve the tr… [+12612 chars]",,en,'Antarctica'
80,https://www.irishtimes.com/opinion/2025/11/14/lara-marlowe-does-anyone-believe-that-russia-would-respect-irish-neutrality-in-a-major-european-war/,0,www.irishtimes.com,Lara Marlowe: Does anyone believe that Russia would respect Irish neutrality in a major European war?,"If Russia strikes the UK, they won’t stop at Ireland, a German professor of international politics warns",https://www.irishtimes.com/resizer/v2/YH4FQFZCNLC26O3ORRMQICFCAY.jpg?smart=true&auth=b51b738969d2b0e5827755e86d62cc9e6a48c2b28d0cad64c039eac8255f4ffc&width=1200&height=630,2025-11-14T06:00:01Z,,"Sooner or later, anyone who advocates helping Ukraine defend itself against Russian aggression is called a warmonger. If you talk about the very real Russian threat to Europe, youll be labelled a fea… [+5704 chars]",,en,'Ireland'
81,https://www.counterpunch.org/2025/11/14/how-catherine-connolly-can-redefine-irish-politics-an-interview-with-yvonne-galligan/,0,www.counterpunch.org,How Catherine Connolly Can Redefine Irish Politics: an Interview With Yvonne Galligan,"Ireland just made history by electing Catherine Connolly as its next president in a milestone victory that attracted international attention. Historian Van Gosse referred to her as “someone we can be proud of, unlike the Plastic Paddys who parade their ‘Irish…",https://www.counterpunch.org/wp-content/uploads/2025/11/Working_breakfast_of_Women_Presidents_of_Parliament_2023_06.jpg,2025-11-14T06:57:22Z,,"Photograph Source: Houses of the Oireachtas – CC BY 2.0
Ireland just made history by electing Catherine Connolly as its next president in a milestone victory that attracted international attention. … [+10779 chars]",,en,'West Island'
82,https://www.thejournal.ie/puffins-antrim-isle-of-muck-6874337-Nov2025/,0,www.thejournal.ie,Puffins found nesting on a Co Antrim nature reserve for the first time in 25 years,Ulster Wildlife have said the discovery is a “major milestone” in the recovery of the vulnerable seabirds in Northern Ireland.,https://img2.thejournal.ie/article/6874337/river/?height=400&version=6874358,2025-11-14T07:53:07Z,,"irongolem / YouTubePUFFINS HAVE BEEN found nesting on a Co Antrim nature reserve for the first time in 25 years.
It said: The discovery, made during routine surveys, marks a major milestone in the r… [+2590 chars]",,en,'West Island'
https://www.sciencedaily.com/releases/2025/11/251113071611.htm,https://www.sciencedaily.com/releases/2025/11/251113071611.htm,0,www.sciencedaily.com,Satellite images reveal the fastest Antarctic glacier retreat ever,"Hektoria Glacier’s sudden eight-kilometer collapse stunned scientists, marking the fastest modern ice retreat ever recorded in Antarctica. Its flat, below-sea-level ice plain allowed huge slabs of ice to detach rapidly once retreat began. Seismic activity con…",https://www.sciencedaily.com/images/1920/hektoria-and-green.webp,2025-11-14T08:09:57Z,,"A glacier on the Eastern Antarctic Peninsula has undergone the quickest ice loss documented in modern times, according to a major international study co-authored by Swansea University.Published in Na… [+3332 chars]",,en,'Antarctica'
83,https://www.globalsecurity.org/military/library/news/2025/11/mil-251113-nzdf01.htm,0,www.globalsecurity.org,RNZAF returns to Fiji and takes opportunity to show MC-12K King Air capability to Tongan military,A return trip to Fiji for maritime patrols by the Royal New Zealand Air Force's (RNZAF) MC-12K King Air has provided a further opportunity to demonstrate the aircraft's ability to operate in the South West Pacific region.,,2025-11-14T09:23:03Z,,"New Zealand Defence Force
A return trip to Fiji for maritime patrols by the Royal New Zealand Air Force's (RNZAF) MC-12K King Air has provided a further opportunity to demonstrate the aircraft's abi… [+2191 chars]",,en,'New Zealand'
84,https://www.nakedcapitalism.com/2025/11/even-washingtons-european-vassal-states-want-nothing-to-do-with-trumps-illegal-boat-strikes-in-caribbean-and-pacific.html,0,www.nakedcapitalism.com,Even Washington’s European Vassal States Are Now Denouncing Trump’s Extrajudicial Killings on the High Seas,The Trump administration's (of pretext) war against Latin America's drug cartels is further isolating the US on the world stage.,,2025-11-14T11:45:37Z,http://web.archive.org/web/20251114143351/https://www.nakedcapitalism.com/2025/11/even-washingtons-european-vassal-states-want-nothing-to-do-with-trumps-illegal-boat-strikes-in-caribbean-and-pacific.html,"The Trump administration’s war (of pretext) against Latin America’s drug cartels is further isolating the US on the world stage. 
I started writing this post yesterday (as in Thursday) afternoon, GM… [+18827 chars]",,en,'French Southern Territories'
85,https://www.ozbargain.com.au/node/933303,0,www.ozbargain.com.au,Win a $5700 Trip to Auckland from Qantas Travel Insider,"The prize winner will receive the below for a maximum of two people (to be taken
concurrently):
a. Return Qantas economy flights for two (2) adults to Auckland, New Zealand
from the prize winner’s nearest Australian capital city, up to the value of
$3,500 AUD…",https://files.ozbargain.com.au/n/03/933303x.jpg?h=073ad3de,2025-11-14T13:46:18Z,,"The prize winner will receive the below for a maximum of two people (to be takenconcurrently):a. Return Qantas economy flights for two (2) adults to Auckland, New Zealandfrom the prize winners neares… [+924 chars]",,en,'West Island'
86,https://variety.com/2025/tv/news/ken-burns-the-american-revolution-1236573384/,0,variety.com,"Ken Burns on ‘The American Revolution,’ Going on Joe Rogan and the Future of Our Country: ‘We Can Get Better’","Ken Burns’ latest work takes us back to a moment of great dissension and division, a moment in which Americans raged against the monarch leading them and in which any outcome seemed possible. By sheer happenstance, it’s eerily resonant.  Co-directed by Sarah …",https://variety.com/wp-content/uploads/2025/11/Ken-Burns.jpg?crop=0px%2C205px%2C1500px%2C843px&resize=1000%2C563,2025-11-14T15:00:00Z,,"Ken Burns’ latest work takes us back to a moment of great dissension and division, a moment in which Americans raged against the monarch leading them and in which any outcome seemed possible. By shee… [+11733 chars]",,en,'West Island'
87,https://www.globenewswire.com/news-release/2025/11/14/3188512/0/en/Positioning-Barbados-as-the-Caribbean-s-Life-Sciences-Hub.html,0,www.globenewswire.com,Positioning Barbados as the Caribbean’s Life Sciences Hub,"Positioning Barbados as the Caribbean’s Life Sciences Hub: 
EarlyHealth City to Anchor US$200 Million Investment......",https://ml-eu.globenewswire.com/Resource/Download/11f30a0e-e652-4c37-aac6-ed9d35f2eff9,2025-11-14T18:22:00Z,,"BRIDGETOWN, Barbados, Nov. 14, 2025 (GLOBE NEWSWIRE) -- Export Barbados (BIDC) and EarlyHealth Group (EHG), headquartered in Dubai, United Arab Emirates, have signed a Letter of Intent to jointly est… [+5561 chars]",,en,'Barbados'
88,https://financialpost.com/globe-newswire/positioning-barbados-as-the-caribbeans-life-sciences-hub,0,financialpost.com,Positioning Barbados as the Caribbean’s Life Sciences Hub,"EarlyHealth City to Anchor US$200 Million Investment BRIDGETOWN, Barbados, Nov. 14, 2025 (GLOBE NEWSWIRE) — Export Barbados (BIDC) and EarlyHealth Group (EHG), headquartered in Dubai, United Arab Emirates, have signed a Letter of Intent to jointly establish E…",https://smartcdn.gprod.postmedia.digital/financialpost/wp-content/uploads/2025/11/earlyhealth-city-production-dome-one.jpeg,2025-11-14T18:24:57Z,,"EarlyHealth City to Anchor US$200 Million Investment
THIS CONTENT IS RESERVED FOR SUBSCRIBERS ONLY
Subscribe now to read the latest news in your city and across Canada.
<ul><li>Exclusive articles … [+5572 chars]",,en,'West Island'
89,https://www.architecturaldigest.com/story/jeff-bezos-homes-property-portfolio,0,www.architecturaldigest.com,Jeff Bezos’s Houses: Unpacking the Multibillionaire’s More Than $700 Million Property Portfolio,"Here’s what you need to know about the Amazon founder’s homes, from his estate in Florida’s Billionaire Bunker to his Washington, DC, mega-mansion",https://s.yimg.com/ny/api/res/1.2/ib0VAdaBnXNxkzlLlioT2Q--/YXBwaWQ9aGlnaGxhbmRlcjt3PTEyMDA7aD04NTc7Y2Y9d2VicA--/https://media.zenfs.com/en/architectural_digest_422/1bb81d9ea7c1f1776df2120ebc743e26,2025-11-14T21:31:48Z,http://web.archive.org/web/20250709133747/https://www.architecturaldigest.com/story/jeff-bezos-homes-property-portfolio,"Photo: Axelle/Bauer-Griffin/Getty Images
Tracing billionaire Amazon founder Jeff Bezoss house-buying journey over the years is like charting his career trajectory. According to Bloomberg, he is wort… [+20383 chars]",,en,'Washington'
90,https://www.cbsnews.com/news/trump-venezuela-sort-of-made-up-mind-after-top-officials-spent-3rd-day/,0,www.cbsnews.com,"Trump says he's ""sort of"" made up his mind on Venezuela as top officials mull options","The president told reporters Friday evening he's ""sort of"" made up his mind about his next steps in Venezuela, which his administration blames for narco trafficking.",https://assets3.cbsnewsstatic.com/hub/i/r/2025/11/15/57fdd049-9552-49a1-b063-624444fcf671/thumbnail/1200x630/bed01b93e12df7b24aef0801ba01d003/gettyimages-2246750684.jpg,2025-11-15T01:46:25Z,,"President Trump said Friday he's ""sort of"" decided how to proceed on Venezuela, as top officials weigh potential military operations in the Latin American country.
""I sort of have made up my mind"" a… [+2573 chars]",,en,'French Southern Territories'
91,https://www.juancole.com/2025/11/francesca-albanese-palestinian.html,0,www.juancole.com,Francesca Albanese and the Palestinian Fight for Survival,"By Richard Drake The US sanctions against Francesca Albanese are testament to her courage speaking up for the Palestinians. If international law lies buried underneath the rubble of Gaza, truth-tellers like Albanese have implacably defended basic universalist…",https://media.juancole.com/images/2025/11/Francesca_Albanese.jpg,2025-11-15T05:08:42Z,,"By
Richard Drake
The US sanctions against Francesca Albanese are testament to her courage speaking up for the Palestinians. If international law lies buried underneath the rubble of Gaza, truth-tel… [+20296 chars]",,en,'France'
https://www.sciencedaily.com/releases/2025/11/251114041204.htm,https://www.sciencedaily.com/releases/2025/11/251114041204.htm,0,www.sciencedaily.com,55-million-year-old fossils reveal bizarre crocs that dropped from trees,"Scientists uncovered Australia’s oldest known crocodile eggshells, revealing the secret lives of ancient mekosuchine crocodiles that once dominated inland ecosystems. These crocs filled surprising niches, including terrestrial stalking and possibly tree-dropp…",https://www.sciencedaily.com/images/1920/female-mekosuchine-nesting.webp,2025-11-15T07:32:26Z,,The oldest known crocodile eggshells ever identified in Australia are giving UNSW researchers fresh insight into long vanished animals and the environments they depended on. These remains come from c… [+7384 chars],,en,'Australia'
92,https://www.yahoo.com/news/articles/pope-returns-62-artifacts-canadas-101121083.html,0,www.yahoo.com,Pope returns 62 artifacts to Indigenous peoples from Canada as part of reckoning with colonial past,The Vatican on Saturday returned 62 artifacts to Indigenous peoples from Canada as part of the Catholic Church’s reckoning with its role in helping suppress ...,https://s.yimg.com/ny/api/res/1.2/7UJNf3qagqYUNvN0bRMNPg--/YXBwaWQ9aGlnaGxhbmRlcjt3PTEyMDA7aD04MDA7Y2Y9d2VicA--/https://media.zenfs.com/en/ap.org/1bccfb4af0f9db1b4777d5aa14b58384,2025-11-15T10:11:21Z,,VATICAN CITY (AP) The Vatican on Saturday returned 62 artifacts to Indigenous peoples from Canada as part of the Catholic Churchs reckoning with its role in helping suppress Indigenous culture in the… [+4396 chars],,en,'Vatican'
94,https://www.cbc.ca/news/vatican-returns-indigenous-cultural-items-canada-9.6980307,0,www.cbc.ca,Vatican returns Indigenous cultural items to Canada's Catholic bishops on a 'historic day',"A century-old Inuvialuit kayak once used for beluga and whale hunts, and 61 other cultural objects from First Nations, Métis and Inuit communities long held in Vatican Museums vaults, will return to Canada on Dec. 6 after Pope Leo on Saturday gifted the items…","https://i.cbc.ca/ais/08d290ec-b8d2-48e0-b0cc-aab10062b316,1761052356002/full/max/0/default.jpg?im=Crop%2Crect%3D%28241%2C0%2C938%2C527%29%3BResize%3D620",2025-11-15T10:56:49Z,http://web.archive.org/web/20251115162830/https://www.cbc.ca/news/vatican-returns-indigenous-cultural-items-canada-9.6980307,"A century-old Inuvialuit kayak once used for beluga and whale hunts, along with 61 other cultural objects from First Nations, Métis and Inuit communities long held in Vatican Museums vaults, will ret… [+3836 chars]",,en,'Canada'
93,https://ca.news.yahoo.com/vatican-returns-indigenous-cultural-items-105649912.html,0,ca.news.yahoo.com,Vatican returns Indigenous cultural items to Canada's Catholic bishops on a 'historic day',"A century-old Inuvialuit kayak once used for beluga and whale hunts, and 61 other cultural objects from First Nations, Métis and Inuit communities long held ...",https://media.zenfs.com/en/cbc.ca/e11d10e6b5269b8443ff2418e41500bc,2025-11-15T10:56:49Z,,"A century-old Inuvialuit kayak once used for beluga and whale hunts, along with 61 other cultural objects from First Nations, Métis and Inuit communities long held in Vatican Museums vaults, will ret… [+4251 chars]",,en,'Vatican'
95,https://www.aljazeera.com/news/2025/11/15/vatican-returns-62-items-taken-from-indigenous-communities-in-canada,0,www.aljazeera.com,Vatican returns 62 items taken from Indigenous communities in Canada,Pope Leo gifts the objects to the Canadian Conference of Catholic Bishops after meeting their representatives.,https://www.aljazeera.com/wp-content/uploads/2025/11/000_32FP3YC-1763207664.jpg?resize=1200%2C675,2025-11-15T12:51:42Z,http://web.archive.org/web/20251115235943/https://www.aljazeera.com/news/2025/11/15/vatican-returns-62-items-taken-from-indigenous-communities-in-canada,"The Vatican has handed back 62 Indigenous artefacts to Canadas Catholic bishops, framing the move as a concrete sign of dialogue, respect and fraternity after years of pressure from Indigenous commun… [+2510 chars]",,en,'Vatican'
96,https://www.cbsnews.com/news/pope-leo-xiv-film-industry-audience-vatican/,0,www.cbsnews.com,Pope Leo XIV celebrates the power of cinema with star-studded audience,"The event, organized by the Vatican's culture ministry, drew stars including Spike Lee, Cate Blanchett and Judd Apatow.",https://assets1.cbsnewsstatic.com/hub/i/r/2025/11/15/a46f79c3-5fb6-4bf0-a83b-7b2f9210ede9/thumbnail/1200x630/0f90957a46b4327e23a7bf5b0d6165a1/gettyimages-2246815404.jpg,2025-11-15T15:38:18Z,,"The Vatican shared the spotlight with Hollywood on Saturday as Pope Leo XIV hosted dozens of stars, including Cate Blanchett, Spike Lee and Monica Bellucci for a special audience celebrating the powe… [+3220 chars]",,en,'Vatican City'
97,http://deadline.com/2025/11/pope-leo-xiv-cinema-speech-a-list-crowd-read-his-speech-1236618389/,0,deadline.com,Pope Leo XIV Talks Movies To A-List Crowd At Vatican: Read His Speech,"EXCLUSIVE: Pope Leo XIV came to become head of the Catholic Church by way of Chicago. You’d expect him to be well versed in the ’85 Bears 4-6 defense, or the triangle offense of Michael Jordan’s Bulls. But algorithms? Who knew he might have such an understand…",https://deadline.com/wp-content/uploads/2025/11/GettyImages-2215662755.jpg?w=1024,2025-11-15T15:47:45Z,http://web.archive.org/web/20251116050337/https://deadline.com/2025/11/pope-leo-xiv-cinema-speech-a-list-crowd-read-his-speech-1236618389/,"EXCLUSIVE: Pope Leo XIV came to become head of the Catholic Church by way of Chicago. You’d expect him to be well versed in the ’85 Bears 4-6 defense, or the triangle offense of Michael Jordan’s Bull… [+8261 chars]",,en,'Vatican'
98,https://www.bbc.com/news/articles/cdxr5drrpqxo,0,www.bbc.com,Pope Leo welcomes Hollywood stars to the Vatican,"Pope Leo spoke to stars including Cate Blanchett, Spike Lee and Viggo Mortensen at the event for global cinema.",https://ichef.bbci.co.uk/news/1024/branded_news/30ea/live/86c877c0-c237-11f0-ae46-bd64331f0fd4.jpg,2025-11-15T16:06:45Z,http://web.archive.org/web/20251115163912/https://www.bbc.com/news/articles/cdxr5drrpqxo,"Sarah RainsfordSouthern and Eastern Europe correspondent, Rome
Pope Leo has held an audience with Hollywood stars, urging actors and directors including Cate Blanchett, Viggo Mortensen and Monica Be… [+3392 chars]",,en,'Vatican'
99,,en,'Vatican',,,,,,,,,
